video_id,mean_rating
00a1be45cac1436cf1d03e8143bc7cbe,2.4298245614035086
011383e7b73fd4cb5d511ec81eb0b89e,2.2244897959183674
011a188174b02c1641b5bedf9846ad08,2.127659574468085
0139dfc5bb5bd1e84d02cb4b454bfb8d,2.1037735849056602
015945ee03581bb5a7979b22087b8976,2.2435897435897436
0194ef974a2bef4e7566466a233831e4,2.326923076923077
027f53154729daf42dfefe040a260edf,2.1293103448275863
02955a5ce91a081b9f3de3370d9b36ce,1.826086956521739
0295e9bf185f523ba3f46340cd350677,2.090909090909091
02da0f0c089ce763fedbc03b694a0eff,2.4473684210526314
0308839e078e318e9f0175648ea186bc,2.4285714285714284
0318ebed02f3249c48ef82041d143de3,2.061224489795918
03ef24ab6773bd3d8a5c797bfcbef5a9,2.4
041fb51e4ba4818def5b03e6fe52c702,1.8452380952380953
042c31052acc8c443b3e7d5d25797adf,2.295918367346939
0469a9a3f5c907971f0057bb3c04139c,2.1065573770491803
04ee9f1e0704d6314590bf2d6c126a12,2.3962264150943398
050ec997d85c998ce3c0aa0d01d667f8,2.1097560975609757
0541211f7757ff3ecc7b6d1b527030a0,2.0104166666666665
0576251d9ccdd9952cd11f436c9e919e,2.2181818181818183
05ce45ede0757e031e3e098b2b06c93b,2.0288461538461537
06b5d8fb19fc03bb9568813193bc04f9,2.0185185185185186
06bcad486f951f8b79e4381a1d45d739,2.4491525423728815
06ef6cb87d705411eec14ee330a964b4,2.3191489361702127
075ecd26abf8f920dc30a3da81c616f8,1.9519230769230769
07ad697c4123a1a3f5357c99391f3cf3,2.175
07d0bf8ff820df00c5c9878e20f0b342,2.1339285714285716
07eb45ae0cdb572dde51ca0ef6f2d9ae,2.3703703703703702
08319499e9245278c827bd11751527ea,2.3017241379310347
084e218ef9a3c668ff8ec81ccca9731e,2.4298245614035086
086713b6f6ab5e3743639f209176723c,2.210526315789474
089543688b1f6c07d66468acf79aef11,2.1779661016949152
08a1297b5cccaab703e6db87e6031d09,2.2017543859649122
092207ca5ea6191ee5143f9e854d1b02,2.0762711864406778
093db585ed16c7074678892ca83a2319,1.9285714285714286
0a06ecfb25016d15f4f6a24c05fb903d,2.236842105263158
0a3d23afa2baa6b616ac338d26f1d199,2.3191489361702127
0a4dcb2577fbd45d97791fb060628405,2.0491803278688523
0a8306d9ae8a93d82670c79aed906d49,2.4482758620689653
0a9085f41bee8d6674e7264169cb9f91,2.0208333333333335
0b3f1f50739d9e159830e15635472a6f,2.294642857142857
0b922ddc93283a67750ddf4615a583cb,2.2058823529411766
0ba8a147842dc87fee5641a8040c9cd7,2.580357142857143
0bfbd272b6d4bb124138cb9747afa77f,2.1160714285714284
0c3735978ee8f53820938cfda30593b5,2.1454545454545455
0d171cc6f95b69c0bbc450d0a6d1d9cb,2.1037735849056602
0d3ae8f89bac4463a7289f8de71903e5,1.6956521739130435
0d71acab8e105828332e83ee0293bd9a,2.0172413793103448
0d7b09d58cbd1f254eec06dc8b8a9a1e,2.58974358974359
0d9b17aa8cad5463aa55f35001f979fc,1.9765625
0d9fed0f3a147c4f591aecb4603baafc,2.4298245614035086
0df8746cf4a56d942e802a7ce50d1891,2.3555555555555556
0e04025d014ef662aaa48358c5466c54,1.7023809523809523
0e6ee706f1226c2a4a8cb736763a1cef,2.221311475409836
0e85b7b20feb9f13696def2976123ac3,2.06
0e8f24e9f4bf36e31ad991b8086c71a6,2.043859649122807
0e9f87d2a5eeeb2730ee37009385596f,2.161764705882353
0ec5802ecbe5c682fa13012039cdcbda,2.1923076923076925
0ed8012c05327c043ea44a2869ec4150,2.0098039215686274
0f90a101d2e18dce1cbeaf6136a29dc8,2.27
0fc60e12cbe2fc068dfc0602be335fa4,2.125
0fdea5aa43f1ce2f94a2729d14679bc2,2.210526315789474
0ff4c43835439693407e112bfcb78bcf,2.3181818181818183
103b6957f929e65862f5c849e990f946,2.16
104ec9d80ed89c1ae05ef436fea8a1e4,2.1724137931034484
1050e5018ab11696c4288c903bcea8a0,2.2830188679245285
105475ec770d4c76084b5c87722659c9,1.9272727272727272
10588fe20bf3f4f39233a0b380e8c5cc,2.311111111111111
10843e2ea4f89715165ba3d042ecbd9f,2.135593220338983
10c1487a0c64631fe8a2c5c6606a75c2,2.5285714285714285
10c83bca50a274e479f3d0edb59d8186,2.5
10c9c61365acebcd72110fe3ca54e1b1,2.546511627906977
110010e5ff16d86386c55e3e20b9fe63,2.17
111a6a2740b8e95c683916e66f569475,2.188679245283019
112c13e146a71549c698a4ba26c116d3,1.9795918367346939
113a021d1d908fa091eec348ef9e4398,2.237704918032787
114141e9bd657bd27b574b302b6922dd,2.39
11622c4f8e41dc291ef34b1a61af62ec,2.330357142857143
1165b1a9d9ac57217e5a7f1ebde681f8,2.1122448979591835
119fefc118e456ddcc555197f292a5f4,2.2083333333333335
11dc3beb6e6b68479ffa0d0fc30cb238,2.2127659574468086
123ce6e31428c61e411b62979d0811b9,2.0555555555555554
1254351d161bd7d7336bdc5e0c1bdd50,2.2708333333333335
129dbb181673d6395a2e914089c41fe0,2.0520833333333335
12b082b64fcdb0bb4e575838cadb6dbc,2.236842105263158
134ffdfcad994c8e3c0a2f29239ba517,2.0408163265306123
13b3978ef4bf0af0f9258efc42dc8255,2.2758620689655173
13c01180b3166de7939e266175a8f9e3,2.0625
13c9c2d05fa68e9bc604c44f82b3efdc,1.8909090909090909
13cac02f725d9ca1bd142ae7a58071e7,2.1153846153846154
1410401e7d04d02a3bc25f08300e9f7e,2.125
143481d597e21564185f3abcff8b6ed2,2.105769230769231
14c6efb1d2f0e86ea15de7db066a7f7e,2.259259259259259
1585b0b6bd76c6ded2ef76fec1c0ff05,2.1296296296296298
159321f94f1d5d981f26e0d0a7f24429,1.912280701754386
15c6fd7f4399b94398d66bca8569c231,2.2
16060dce8ac7e021774dd15e62cb6052,2.1129032258064515
160f393a44980e28fbefda15b4e9806c,2.3369565217391304
1638504a10833a3a5892d3b5d025bb23,2.0853658536585367
163e35146edd78e55b71d68d58808763,2.351063829787234
16605e8f5be8d61e94ada16643f3d924,2.2547169811320753
16bbc51ce051004e6382587f18858aff,1.9545454545454546
16bfcdbafc3016ca4bab06419f9a78f1,2.22972972972973
175bda41fa5ee28089300d3a8a059a54,2.2857142857142856
17744820a197fe43778b5b03bf01517e,2.549019607843137
1841ba40a0d1feb3cd328565120454d5,2.0185185185185186
186f9d63ba7a335d215e696286f30d14,2.06
18915ab0ad75237f79f01e7c19dc4157,2.267857142857143
18ac3930a613a4054ed47b00a376ea64,1.9090909090909092
18d934c54594668bd6205b058cafa9d8,1.7446808510638299
18dc8fc19fc3fdc37bfd6053df903e4c,2.0350877192982457
192bba64372dcf66c85bc98bfe419b20,1.86
1942aa8e9fe3c950755b20165a52bf92,2.091666666666667
195597410f3bed2d4d66a4e0100401ce,1.990566037735849
197ff2b50ed8ccae8b92a6bbd6279ba7,2.325
1995b92765e068bb3b8c7da081dc7ecb,2.475
19d73916e5dab1b8d2c87a41114ac091,2.05
1a2e52bbf58320b513892878005f0a37,2.180327868852459
1a595aaeb774351c8a9d4fe2f7ed4431,1.8888888888888888
1a5bb477c0043c0dc465b8139601d3a8,2.5454545454545454
1aa0c8eeebb3cac83a7a886c47ddcf20,2.42
1ac03051dcf95603c59c439bafb443d0,2.0
1ad41fff6f83f3b6d91b6599eec4a3a1,1.9274193548387097
1b001a2512724360670129b01488aa50,2.018867924528302
1b3734c73b4c112d72ae2e83b3dbb881,2.1517857142857144
1bbba07447245a0b46582ad466f7e112,2.08
1bc797fa4ead5f1bbfe3f7dd113cc1d9,2.253623188405797
1bd183193e14a6c3ffb98135781c6992,2.2636363636363637
1bfb588357d992b5539f4ca7152bb9ca,2.1363636363636362
1c21f9030b22b36f6fd3c6e87849442e,2.330357142857143
1c8633b60be76511cd4b1ac8b76c554d,2.033333333333333
1c8a48ab9d8bbbb31a78e85e2a8c2d25,2.03
1ce167e364ac4c157830df26aaf4c4fd,2.134920634920635
1ce3e7fb0a4ff00de525a72e5ed1aa26,2.127450980392157
1cf9d3eb9cbce275da6935b6f4d1af59,2.351063829787234
1d386cb4b0c64c957ccdcdbb9a85df06,2.4886363636363638
1d9521bf9c2e3263e40b8ab7bfaf10dc,2.1481481481481484
1d9d56c67901db9da33fbbf4880f228c,2.2327586206896552
1dfa70128943c20ae9f6084cc0aa9901,2.0686274509803924
1e296c0cc80a3d12742cf651de8497f1,2.314814814814815
1e2ec157cdcc80d6627c6078e5384998,2.2358490566037736
1e3f2a7357af75024849730b4404354a,2.127450980392157
1e7695fc6bb0f9d84ec0f3a4ef005c20,1.9285714285714286
1e7ce0d3a870cfbe9030760ddda51939,2.175
1e85d3210b5766270d779ac0461ded22,2.039473684210526
1ea0274e8c4fc1403beaa1819d2bc6f2,2.0319148936170213
1f02cce3bbe0d383af7652380a48cece,2.020408163265306
1f3d4e3ee0b453562d0b79c880b75abe,2.3359375
1f8fc4185c3d92e284ac5daf3aab88d8,2.2452830188679247
1fc7352449d8f3453bb6004807785a82,1.962962962962963
2002846ddd145e10dc667efd04dbf32a,2.2093023255813953
20197ac60aaaa1d21aac47d3542b1124,2.1951219512195124
2035f0e9b4cefcdcf3fbd9e132323960,2.1785714285714284
207bfaccb24dc1f7216a5296a136859c,2.0
20a5cae55cf9078c9467b6d1d4d3b781,2.019230769230769
20a7532ff3b7a49c94f95c830c5a972c,2.2788461538461537
20c6c54cb95613273581f3b133191381,2.388888888888889
20cb3385b859a425034892c60edb925c,2.234848484848485
20fded0b585b08727cd3eb8fb42df0de,2.1016949152542375
211cf7d6b44e5abad04f678b7179ea26,2.1206896551724137
2194183e8fdfb529cc883f0f23022138,2.127659574468085
22b2ce0f76e73bfee5299671ccf6d219,2.426470588235294
2339760575ea6994c8c0bed55ccf6f7b,2.01
245e4144c7627477252c8143d0dfa2ae,2.394230769230769
246406a1169bf8aafae224bb63364a20,2.090909090909091
246b38087ead7ffd12496ba09a489cbd,2.0925925925925926
2470c0533f8b35c0a5d5f6e90b2583e0,2.1203703703703702
25624310012631545566606a1cc56f71,1.9782608695652173
2566b6e68a34734f2fae9e7316c39be1,2.093220338983051
256ef1bfe0cae2dac9a180ff34309542,2.2714285714285714
258d37b5ea3bbdd4ebd2743b0b3b63bb,1.9807692307692308
25c6b14bf64a33414cca8a4afdaca3f5,2.1272727272727274
261e67f0905cbf2355bafb553061000a,2.3545454545454545
263a1fa0454affdec5b14f044b9d3268,2.0185185185185186
26719bee0148117189bf5a2eafe52026,2.1530612244897958
2681d2bcf67a21137d2cc66d907f375b,2.0384615384615383
26c29b257d81bb5c1ec72409bbf3b8f8,2.369565217391304
2721480ad1f158d1c9400b6ed40a51bd,2.1451612903225805
27739a30822189d550131487a1ab451b,2.2674418604651163
277cc7fc6097b8ece93a7a329de1b684,1.9183673469387754
27ae691cb003b316c7f8bcc385dc4641,2.183673469387755
27b0dbb0c1235a1281422b8c04fc86b7,2.276595744680851
27c207d99360491d4405a43fbbbdd227,1.969387755102041
27dd1b88703548c42793f33d384c9b7b,2.5686274509803924
27ea718fcdde8b9fa1762098df6e4efe,2.081818181818182
28289a527b46d1d1714f18d8448eb174,2.2549019607843137
2845f141313e941fde4eec3c0266c20f,1.8557692307692308
286bd6591ad7926a5287e6a86fa64124,2.262295081967213
28f2059d92238d916976cc478437acd4,2.303921568627451
28fa7ea3c0712d56049ba7127467f72b,2.016949152542373
2a7683b8602fcfaa8fd3367d468c8d34,2.1180555555555554
2b383dddb0035503731837775cc0bd2d,2.3125
2b4fa5c61b540c0ffff89442ccc4a655,2.1956521739130435
2b5f8ecf5a3f8b49a97cb568130624c0,2.442857142857143
2b7c6a5e3a4051c5414d739c22afc5fd,2.1666666666666665
2bf7284cf033f4e7681bc381c7c97205,2.5
2c055c31818e6efb5b74decfbc6e79a1,1.9795918367346939
2d21a3e3af17730317135a4ef7aaacd2,2.5283018867924527
2d2620dd1ec29e787d30774f9082d561,2.2261904761904763
2d46401d2cc19b73d349c01144d8a197,1.809090909090909
2d7344e2397c2749cceb5321e5e46a36,2.234042553191489
2d835957e0f3eeb338a81bbb56020b9f,2.2244897959183674
2d9c961fc94adc5675c9d4ec2387297c,1.96875
2de6d15673cd8412f1771a08f0565f70,2.641304347826087
2e8ad3f7d5b01136b0a7395e247c699e,2.237704918032787
2ee688ab460c3293eb7e802a71862739,2.2790697674418605
2f3f022f66d154fb8bd322b09cbbeb62,2.0892857142857144
2f9525a8b4d8b28dd95b84fee9e1f044,2.169491525423729
2fc0e60a9d3e5e7f3aab3e1960e3ec32,2.2844827586206895
2fe86202d467283fa86f50f8d4369079,2.296875
3061c0279499519da0d3947a20cb8cf5,2.5208333333333335
3095f6692ec8b6cc3d6a00ffe56334ea,2.144230769230769
30a23323cb043afd9db3e7c832be6512,2.4166666666666665
30fc2d20cfa8429984e61e10c8a2ee05,2.02
316d55bb7cebf4d508c67d949d2e1dd3,2.1416666666666666
317e321d7a3625864516c2096bf3f30e,2.2410714285714284
31ca1e1e8d9c36c57fb2c586ac201262,2.2788461538461537
321d42a143956dc23d169563d72bf66b,2.21
3229efad2512443b4054000b9534c4bd,1.797872340425532
325dc90fcdf7f8123fabb09ebed208e8,2.141304347826087
32af872b8af002c950c03ad6208306d8,2.3153846153846156
330aec82e509a50f439b16c350bfeb28,2.5185185185185186
3363068959d7df9408620a9712ee835e,1.9782608695652173
3385b7aa0b26d96caa1424025eaca643,2.30188679245283
340eba53f492ab9dc19a468e2f92e5f6,2.0753424657534247
34c9ff3854723e2fd8572a12644a6650,2.2549019607843137
34d3714e33698c58af8017dedb2e0acc,2.330508474576271
354b3387a6a48f82f60c3e2f0aefeb75,2.391891891891892
35ab04dc45c76593e14c9e041e02a6e1,2.0955882352941178
35af568d99547873aac7c178caa6c065,2.169491525423729
35d755733ad15c936ce2016dd62bb365,2.14
36731c60102c18793d6dac17f16e6295,2.0
374717a7ecdaf76c15bfad06a54bbaec,2.16
37609b692994247f5f24b15f82063fd0,2.293103448275862
377bcd56442d27e4f922176027b63cb0,1.84
37ebaf64917efdf6354ab03a15ad3e47,2.0813953488372094
37ffd14076c0d4e69bcc3553983d0d23,2.1607142857142856
383fce3301150fe9fc497acb5e108d1c,1.9444444444444444
38a4b8323530b0cdf658d56977f40983,2.1666666666666665
390e832fbecb5ca55f68d6397fb84b7b,2.107843137254902
3976f2a2f290c261454fe9c54d219a2d,2.015625
39c404b04e2a21214f7cc1a5ec641f2a,2.2653061224489797
3a37ee1a72df61aa39c1e8a701967ffe,2.3152173913043477
3a3ee2b8405bd904d3410657364c393b,1.9411764705882353
3a43ca943e2715163f4ac426bcb2f2d6,2.3333333333333335
3a6e489c597fc83c3e825ed8cb18d02c,2.0
3a8f0f930c3d8f796903139694efff26,2.1129032258064515
3ad7bbfbc7689ae9d4559f267d5d4e76,2.1346153846153846
3adc63f63dbafecb4aced9dffd8668cc,2.314516129032258
3aeb55ef65a5b28b915c1244528957ef,2.0923076923076924
3b0dece5f8151115f9a4f387e9b05b18,2.23728813559322
3be3f88a7e4520017d9987b912f7c76e,2.2547169811320753
3c44ba29ee5309236a2b0c27f9e514a7,2.134920634920635
3d12ca434857403b69ec13d6c825739d,2.044642857142857
3d2ec2e5dba77f2550f0b5161cdb6598,2.1923076923076925
3d3738821c95a8b41bac1094b812dd68,2.088235294117647
3d713a109245494a4aed300c19552afa,2.272727272727273
3e03feb2b9f9293d77b65da8d30bc468,2.26
3e59012f6fc7df7de781585442f8cca5,2.0625
3e9b08e1325ff6ebc73a0b278454f187,2.1721311475409837
3ec5920348292ea124c436bbbcfc1c48,2.044642857142857
3edab7d684426070b6388e9f07bb18f2,2.280701754385965
3f5265ac9cbf383443f29837c02d9a41,2.103448275862069
3f5ffebdfa119c3a73d6da4f4020dd2e,2.0392156862745097
3fe842bbd1ac0592aee843f4cd7dbb2c,2.1530612244897958
3feffd446d561f82a86546aa9ba7154e,2.3984375
3ffa9c0cda482c4defe560e5e38719da,2.0172413793103448
4017cb47480c8a3517f66de2271507b4,2.2717391304347827
406a59b040ea8b16cae51b9a7def8a4f,2.06140350877193
40d855573f2aa02ff37a4852a0be51b3,2.490740740740741
40de992ec8680705852c7ac2d1fd0b06,2.351063829787234
416ddd71a9ec624765a323d44c7d8cbd,2.31
41733596fb00cfa3c155b2bb037d9f15,2.2567567567567566
41dc263c684403a2ee0aa3d2af4a673b,2.323529411764706
41e5ebc084cc8c9aef655c7cda9c34bd,2.283333333333333
423df08f4048f94d7924455dca084a5d,2.2111111111111112
42b48f64571d51551a7da59196269883,2.1721311475409837
4357106bd7603f6da0d431d572ba6e57,2.21
437715be78b17ae272ecaf84925deb63,2.418032786885246
4395f9150dc0b2b00db6013886bdf492,2.2962962962962963
439a154f3a900c7db912d7fda28a8056,2.08
4440fe4fd718bc017e5d116224d266c5,2.175925925925926
44ad41165162da52e6dc91c1149fb657,2.296875
44fa5fc0701f52d64376f4669bb3cf8d,2.0849056603773586
44fb9165f6e90af9405bd2ff9cbf2cd3,2.1578947368421053
4522138267f35626e2eecbdd4538a453,1.82
4538467177fce21290419d4621b27233,2.1923076923076925
45469f2463d3ecaa5dd3cee72feee6bf,2.2169811320754715
4575225053d1c24d622e40815a74b262,2.1944444444444446
45d6d5b0bf99ce1c82cf247e880a08ed,2.175438596491228
46437162bfb3ec033661cd765ae858fd,2.1770833333333335
4646f81061b14d6f298ba9581d8701e1,2.2211538461538463
4671077ddbba742c0863a2dd291bfd6d,2.5
46754109026caf526e2ef697e3c259bb,2.1951219512195124
46ce28e376054c69004cb3f0dafb17f4,1.9069767441860466
470f5481102e564648ebeda69089c188,2.141304347826087
476d821b22360df1dc672cc21442bfe7,2.0
479574e6fa89beaec39ac2c416418441,2.369047619047619
48584c445a34a3155aa266ddbe3b55f1,2.287037037037037
486f6de9bc3d6f678420e965a1c5aab8,1.9859154929577465
48a833722b8c99eee4016f1f7c2997b2,2.0943396226415096
48f6300b726734acf819a4449375f3a9,1.9489795918367347
49141ad4ab8b988218f2381438bfddfb,2.1
494857ff7c5defc5bdd7768caf41cef1,2.1020408163265305
4a23da3084bdafa88e7af52e0044d8c6,2.0568181818181817
4a57ae7b1aacc283ef2b1d32f3161de8,1.9661016949152543
4a99c0d6da51dfab5a3415f58d42a0c8,2.3076923076923075
4ac325b9e9d7241b4f69bf1478edab69,2.3813559322033897
4af3b5898f893ca4af669115bbe27b3d,2.12
4b3673e1ca9ff307e07457f013986af8,2.25
4b39db2af219fb6d4f27b42c70562ef8,2.4423076923076925
4b4913193d58b7e07ca5e76736f3b6fb,2.084507042253521
4b78293f276d1db5fe029dae210dfa1b,2.2127659574468086
4bc5c31b67417f6a5ab2eee94b20660b,2.127450980392157
4bd18459fccdefa3da21d46d45314582,2.1
4be47b4b51ac380ecac0f04c3b30de86,2.180327868852459
4c4170a81c2c836aa319a5b77d123114,1.9673913043478262
4c88eb45c0ea89dd837fdeb346ca76be,2.15
4ca8bad555e6537e03b4391620069928,2.6065573770491803
4cbd6c5b86ea3c2a3d758540aa13f530,2.51
4d144955635a955bb666a2f4f52c8ae8,2.3660714285714284
4eda6bfe796b3f51d1e2a4e7e0c4ee43,2.4029850746268657
4f0f394f09ad5683fb7b81e885e54334,2.324324324324324
4f3eab1c62f4184a6965edc95d38c1c7,2.204081632653061
4f550e6b84e62adac58a9c5c744f250d,2.0703125
4fac5d6d56ab956adec05f3ef75279a5,2.1206896551724137
4fefc8c67d6c930fff07d1a24f6d63bc,2.2586206896551726
5026a6e64f6d6aefb68758a48ca3e4f3,2.263157894736842
506f9d244171a95f9af3bd32be2bfa15,1.9649122807017543
5072d06586dbabccb931ffe765137490,2.0
50adb041705e4c648c6060d0b9e5f3ef,2.21875
50b7204357b16a1ed515208b0f89d6c6,2.292452830188679
50fe3e373104beb29669f26765868fa6,2.3225806451612905
516768f8cc8e33d95572b77ddfea61fb,2.2222222222222223
5198e96cb66feb11c2a29ab9cac09b93,2.375
51b9233b0bb897112df3cc2620f39192,2.130434782608696
5204f87884b5fd644d5bd42b2c46972c,2.1818181818181817
523d2326ec26f534be4678bb46ab41f3,2.2127659574468086
528a8179b44f992e598b0338cc0ff4e4,2.3541666666666665
529ca06692ee038f262382b9a0be5780,2.0106382978723403
529f048f57a30837094ffd58b6ec2617,2.0727272727272728
52d18c629dd212b530bc82f4fed0b35c,2.1517857142857144
53cf8de4fba21677db9f20abdebabd03,2.36734693877551
53ef38987eece9b6b6d96b8d0bfcc6b0,2.2857142857142856
53f955500f6591d9c19e2a1567c5e0a5,2.4339622641509435
5479d79e68a3b172c51c6a6ad95fd861,2.306122448979592
55589e6314d4103ad8eb87fa86e6ce07,1.9827586206896552
55a638af08e3b817d015629a7ee6fdb4,2.0416666666666665
563bccd93162478f6d28c041c7dcf329,2.193548387096774
56602ee393159fa026352b9bf9d247a3,2.028169014084507
56777cc0557f8bf7b7dcf5dbac96dc17,2.2358490566037736
5694e9cabe48537b6207ebe67cd60e52,2.3372093023255816
56d042631b6b465c034e92c613486c58,1.8977272727272727
56ea68c0bd14320654ee43fa74a3aa68,2.0606060606060606
57064c25d1a8471a2da75cdfbdc5bedb,1.9615384615384615
572b8bb7e852538702207e5151324841,2.13
574e75e3a6432428aa4c9331955f4b21,2.2282608695652173
5780cada3ab0c689a8f1fbaa42c3b72f,2.135135135135135
57ba8147dc8499bc6ca528316e8e950e,1.9230769230769231
57e271c322bd1d4ab8fe7db81b823116,2.125
58455d4b4b4ad850ebc73fbfe934db05,2.1132075471698113
58721cab72830b9ebaac3bbecb8ebde0,2.2325581395348837
58b07662daf54e2a97ed822a48647fd3,2.2333333333333334
58ba639099aa0917ae1da90c92f4e540,2.1416666666666666
58e96db6cd62f2365302c685e971d466,2.0285714285714285
5904568f415703edf8b4d2a38edcd128,2.2027027027027026
5977ef426904c225176c09f4a945140c,2.2169811320754715
5998ea9bd7f017fd749878ae3a127622,2.169811320754717
59f40276aecd7a8dd01aaf80c17a766e,2.188679245283019
5a736553d760e443dec34566883f2fe7,2.2358490566037736
5a78bd5f252d4b8e9f41d70c2edea34b,2.1370967741935485
5ac43691a652da3522f51e2a1c7ea6f5,2.0655737704918034
5ad0964f472feb04974fb87a51e758f6,2.22
5b0a99e36086428ce8b3783fc8c305c1,2.4655172413793105
5b63632b437ed1709ff89fbe268a04e1,2.4081632653061225
5bdf96fb8453170cbedb2739fe0b4960,2.078125
5c0d78126867986fc679c04688f616ef,2.265625
5c59f7ebbf9badd94b46c35646b071d5,2.0982142857142856
5cb6ae3189da62781523a9018d7e7620,2.1214285714285714
5cb941304dc03abc27421771cf0b42b1,2.1666666666666665
5cc3c4f655dc4cfe59b809f61601a887,1.9565217391304348
5cc3e1db8b548eb16b83a55cbcd6e4b4,2.3469387755102042
5ccefde105838a44b3ee820d96ce1899,1.9692307692307693
5dc2671089f0516ffb934e544113e00b,2.074074074074074
5ebdaf0a23ac2cbb934541bc6484b6e9,2.049019607843137
5fd1cb8b35468299d4868728cf69d03c,2.0543478260869565
5fd654a2ab9f37b2a8d733544f64902e,2.376923076923077
5fe97aaa3135fa84ff88fe29274deeb0,2.237704918032787
6005e8e222671824476e2cf0ee843e2d,2.189655172413793
601802106eb2700f336a04cd65357df4,2.355769230769231
6059053528d3c57d7b05b51d98a350be,2.210526315789474
60bc21e0a8d620cfed162f93aba2c366,2.330357142857143
615f1f27144a7356ccae146b4c60584f,2.260869565217391
618cbacf9a86a6176f3210975d5e4340,2.2264150943396226
61b25e1c6ecc7bb946d01d54d7c9ca0d,2.3454545454545452
61dc3e3746e4e1932d788f7e78087c98,2.32
627c4959c03fd01af9e75ec231cdc343,2.3225806451612905
6288ae8a7ecf5fe9a8b96aa82b8b0d03,2.4035087719298245
6386b7d6a9b234fd4677a4839a275d00,2.395348837209302
63b2e33c292b330c6ef824128551b04c,1.9875
64eb3e14edd3d9c895281dcaf81175f7,2.253968253968254
64fba5e007501ab7831fec751b3923cb,2.1491228070175437
65033dded12b21b0338f4b450f224700,2.225806451612903
651a8239041dd7b01779565bcf940348,2.2844827586206895
657002358d941ab7ed7e2f7641eac36b,2.2203389830508473
65ab12950267fcffce477156f847bf90,2.2264150943396226
65c622c4044c998b34df40fa8f685bdc,2.144230769230769
65d038941ee47d350affa05711cf0553,2.066666666666667
65d52d9740762c1e9c44c35f3a0f7472,1.9903846153846154
66397c491344edd281630525fccc1688,2.5849056603773586
666b6aeb26d2715177ba7dd2d5230d61,2.3529411764705883
66d996a0f69ab244ae414241d345a0e3,2.2745098039215685
66fb9279aac2775721a36586017bf7c7,2.0972222222222223
67229e7f09089f8451d02d1881290e9a,2.16
6728c5a6c4a6cb30bd70b23e90085969,2.0
673a3ba1b18597fbe2e678ab86c487c1,1.9864864864864864
6763f2e5b0a3e7e805b242733a56a4f8,2.1041666666666665
6767acfaed6a831c503242b496694263,2.219298245614035
67bae6b81b76705712aa380c22be5925,2.056603773584906
6831962a877ad613dcfe97a66a5d7dad,1.9714285714285715
6876d76ea8a13dec74357cd46d566712,2.0833333333333335
68d436a4eb19cf81bfd027c9e1f0762b,2.4186046511627906
697232fbe7d3865b6317f8442ccb11fe,2.0980392156862746
69a140dc0c694b4754d56c3fbf1420e7,1.8928571428571428
69bd3a55dad979af087d35f46c66f45c,2.160377358490566
6a6aeee51fe446343beeae68fd1a043b,2.3484848484848486
6b6ee32e421e9829e9ce77f304a25d9e,2.1634615384615383
6b7e366357e102db39d8afb6619e300a,2.34
6bf1d8d70b1de8545f1002c18cf6deb8,2.056451612903226
6c47eb1bbb62e62497c9760508f20149,2.394230769230769
6d7301431fe56441eecf47301852ee0b,2.139344262295082
6dac0cd5bad3f418074acd2a8de31954,2.2589285714285716
6daf2867ac9dddba2f16fee2decca10d,2.293103448275862
6e33ac7dde20dccf14a0c6c5c571793e,2.09375
6e9fe933233f596f931f3a192a16e2b4,2.2830188679245285
6ecbcaa6d65ba4fda61c3199462c4f21,1.8363636363636364
6f0e8f54600de88c187f085e58f782e7,2.303921568627451
6f184bd070e1af23582044da1f6bbe44,2.2327586206896552
6f666f6c5815417ea90850cf03ac7ed2,2.2758620689655173
6f79980333501ac7d121fd506fa8456d,2.4864864864864864
6fc99f85e6c32b53fdf329ca8173521d,2.2244897959183674
702a16ea22260d20a279b8bf33db877d,2.2016129032258065
703c5f310b1aabb8779ddc478311105d,2.122448979591837
704f4a36db1fb1ffc706c174ecd63b8e,2.2058823529411766
705dacb47742b113028000695f8410ca,2.0338983050847457
707c657468b12fd86f952f61f5cf0801,2.091666666666667
707e3bbfba5e7ff0d50e0470a97a1623,2.5294117647058822
71a3f2bdc417085c582658e28e3c5baa,2.1810344827586206
721a3cabcb3df1f090301cfbe9270b54,2.328358208955224
72f4e9b193b97389887f1d7a8456791b,2.1363636363636362
731ea41f8019a1cd9f431c6e34074fba,2.3055555555555554
7381eaa17d00d672eff14bada8b3c072,2.144230769230769
7382275fb401f31c41c2e94a2a2c0ae2,2.267857142857143
73925e7209969f942cf76b0eb1d09905,2.1825396825396823
73b0b0d60f1659a48d83b321effea624,2.4150943396226414
73b8feab6aa52096af71629396d0479f,2.0106382978723403
73fac91338fb402fca56d8f4d9381465,2.319672131147541
740c532df0d925e2393788d16cbbb57d,1.9
742377f55f4617faa02c987e03602818,2.0714285714285716
7437f44530780af85006b80434e85a4c,2.227272727272727
74481f166f470451e7bb7da96c3d60d8,2.453488372093023
7482e0c0f863fa2f640bf0ba4695cd63,2.1475409836065573
7482f9bab48dc0199d2c1d29526f1300,2.2211538461538463
74c16f18dc3ff9056455ffa48373ee8e,2.1780821917808217
752cbe2acfe71ac04850d2169e2d992c,1.981818181818182
75630c5880f7fe742a064eba98cc8a2f,2.1636363636363636
75c800ebe0c269eff213b2485489b36d,2.03125
75f26603b855bccd204970ce107582ce,2.1129032258064515
763e3389c42020099917487330cb88c3,2.59375
765c1abb1018a11c79d9fc60339d3d05,2.3253968253968256
7685aa4b651f4bdfbe0c9ad83eb1b40f,2.185483870967742
768a16b3c12e7cebd0866d9360d16c3d,2.3220338983050848
76cc8e754895cc460cc229d162943c50,2.4363636363636365
7825a4df59ab16dd78e8433e779e9206,2.1875
782d40bb6e19fde3f0bb6a0ada6641fa,2.264705882352941
786fa618bd092d1d8f7dd2fad3e7595f,2.1774193548387095
7899113be465eede5d5075bf340041d9,2.3333333333333335
78b7235d9ec51730c7e1f58dec206c2e,2.1979166666666665
78c567f2965b4cda28edcd9c950886db,1.8611111111111112
79eaa9c5b06758df8e4954f2b4df2d7a,2.25
7a3ee4eb308a7023832448169c3f1ab9,2.0615384615384613
7a4970f86f26786e1f8cff902315aa6d,2.34
7ab954978d9e5b0088de4011b738b389,2.0344827586206895
7ace6d3f2c37aa8c59c47f0430704f5a,2.21
7adb6532ed5961fbd541c667a7b47477,2.125
7bba765956c1e81a6938aab8320ee51a,2.1704545454545454
7bc8c8210593b2736525f3dbb13a51eb,2.411111111111111
7c100037e6515fbc0a816028a9f2fff4,2.0526315789473686
7c36e75ad4de2bf82fcc4a9eb0336746,2.0714285714285716
7c4cb8c70d309c2456fdf40132b793c9,2.0161290322580645
7c6085113d9ab110f60c0b45dba254d1,2.2049180327868854
7d2fb3b6dcd9c3910741f5786196661c,2.140625
7d370104c26fe870caa1436ef3068afd,2.2083333333333335
7d66aaa05245211dc4df8fccc49d0a30,1.94
7d81e7c347b8f51cda5068afb7121118,1.9607843137254901
7d872158b8d26ff251281e837e399380,2.215909090909091
7deb2e1e61a7f19131e641437248cbb4,2.0849056603773586
7dec0598c9098aa9faca3906c514e70b,2.204081632653061
7e2fdcca320c2325deffecccee871c88,2.409090909090909
7e60a01945c391a23b805d87b711b3e1,2.3412698412698414
7eaa3ae6b839b06e2eb1f33e3bee7162,2.22
7eb18189cec5804a6a82ed9cb39a903b,2.4166666666666665
7eff517c135811d92adcf773cae7d6be,2.3306451612903225
7f1521a7756767567f47916197fc9a9f,1.9019607843137254
7f4b6a04c36db36f52f06859e71af1f1,2.107142857142857
7f4cdeb46e72b6c02202de040d311093,2.025
7feb10188f1af7cc3ee8ddb8f461aa61,2.048076923076923
7ffe3650546e0760bea9f35084d25d8f,2.1037735849056602
801aac5103ac90fd260e04c3d4919733,2.2450980392156863
8023acbc71dc398c552a76e257b58b00,2.0508474576271185
80f69543edd218697c42d13d0043bad4,2.023076923076923
8164a3e799e0ec06bf2f41f3262c1859,2.2674418604651163
818d68d0159e6c99d59f44b956b26f71,2.3068181818181817
818db24e623b8e86b5bfa94c99670a71,2.3653846153846154
819eaffd63f8544ab6464e15765380ef,1.8431372549019607
81a8601fefc019bb6003c8718f2bfb95,1.8679245283018868
81a92c22a298bb44664bb6693e42ff01,2.1984126984126986
820af4e0ef60661c76919cb0d91cfbf4,2.191666666666667
82bb15b90f481e17f09eb5ec790dde5b,1.7959183673469388
82deea6d84b880642129007d968f5989,1.9538461538461538
8349f8d6af2968233e62f156e6b45d41,2.1272727272727274
83533caf2e77c7d24bebb432fa9f5c82,2.0923076923076924
836865f25ba62bcda5befd60c6727abe,2.265625
83b235dbe6ad89a66b689bace90d129f,2.25
83f4e08debd11bcff0d88c19d97111ad,2.1587301587301586
8412e8aace2c976d5d410f3ef2f33c4c,2.2884615384615383
844824850c88ce63c605928bedf20de8,2.146551724137931
8480d87b5d31729a2ada3ab63bfbeb57,1.9901960784313726
849b260879cb32d35e12ef2098edac9f,2.125
86096b700d74ce03cf3f84bb25127937,2.23728813559322
866b7db32a2314fd7c75774973b83125,2.0921052631578947
86d0cd7d9ab45b7e60fc400b14eb3a6f,2.2264150943396226
86d387e5b1d87690a8155736795e6a8b,2.25
86ec6cd9737252d6a7690c79ebbae45e,2.2
8703f22c26d40f0ea39c49debb50f2dd,2.0785714285714287
873e55242dbca45c687b2e61ef1d3944,2.4166666666666665
886079438cc158c51c863efede53d7ba,2.1595744680851063
886ab834bf3d302173bbc36489ddc139,2.4583333333333335
8896389cb85cc2dce42c530206079e81,2.2058823529411766
88c7beec76519a671c3abf09381369fa,1.8604651162790697
88f71b449f8d940b04a7bdad06b63a46,2.2685185185185186
89332429b83462578c64dfecb53f6d0e,2.0655737704918034
8943bbd06749aa360b45b42da1c7bbd2,2.2426470588235294
894ea02dcd341976c3b4f80da936a31e,2.043103448275862
89618c680c40d8c5ad7efd20a91fedd7,2.280701754385965
898192160c86da934ff5578833428ed5,2.0970149253731343
89b430398d1d3ea7512e49314225f967,2.396551724137931
89f787b8a89781243ba4f04743eae56f,2.0113636363636362
8a6c7c0878d20f60d36bce5de99195c2,2.323529411764706
8a85a6c356fcef2f02f3c18291092b14,2.25
8ab6b49809a78f38489c013f96d05ddb,2.185483870967742
8af07d1f104f2a25ba9ba499a6b2db9f,2.257575757575758
8af9ecf42ba0a9c8a4d1717a78e76b5c,2.336206896551724
8b6037f0309e1ad396d5944e4accb1f8,2.1964285714285716
8b7a81c2954750824ff7b130df2d4611,2.330508474576271
8b8fa724e615c287cc5a3d21f1d41319,2.2261904761904763
8c22a791cd1022b7764e089733877089,2.307017543859649
8c3e30af91cb1daee5fbb9aed91ca69c,2.3596491228070176
8c43534bf612624eb825590495ff39cc,2.450980392156863
8cc9d011c1ca53af465c390ba19f434c,2.3968253968253967
8d6ba4607e92b96ec5cae2f9c6cffafb,2.1
8d929d40c2ca3088d0376ce65b5a9761,2.2583333333333333
8dc383d5f338894af0fe2646ef499b94,2.372340425531915
8e0cecf278b61438faebf00272f6250c,1.923913043478261
8e34672565e80d79abaf9ae70e6aa4af,2.082089552238806
8e3ca3ea057faaa9c73aebde91376abc,2.3974358974358974
8e4cd4d8b669ffbcc9cd0f6531763fd7,1.9636363636363636
8e5c6d16ea7ff541ee391904f7dacbef,2.311320754716981
8e6d2b82eaac95d2867194204eae4590,1.9791666666666667
8fa6f375867c896232a4b04788de60fc,2.25
9006eab0c11ebc01d2216d4aecc1aa97,2.019230769230769
908373ad9edfc33b5341577a3cf367a4,2.3125
90aa73d310294022bbc144abe0d3ecfc,2.1363636363636362
90bfb21029c422d5613fb0abed21e718,2.175925925925926
913cc8419b387f83bedd22b278a89def,2.1547619047619047
914c3113e03d9c5615d6ce6f22e0a8db,2.11
91e4e41c3caa09e3a037206b36ca5e6e,2.158333333333333
9252c21edfb3fd51a1ff2aa7cf6f66a8,2.1779661016949152
92746d9a33479ecfb1ed7d4499c719be,2.16
929bcc94c1430bba72fa55be832e0957,2.23
92c9aa69e53c39bf25aadbbdc54121e3,2.1481481481481484
92dd4dcd734784d4fe77f19a682c3d13,2.1864406779661016
935a0fdf37b6909288cbc6aaea4f7c58,2.1203703703703702
936f988a4119802a485cd5276bd8f473,2.0
94bc08c50aad8b3e5907b096a960b304,2.1491228070175437
94d9662e9a3cb3c97fab4e9de4cdd88c,2.1792452830188678
956e67407f6de8069508b110190dfaed,2.540983606557377
95e0a26821c0a60ba06019735155d186,2.219298245614035
962e1f0a415030c430702f07ab294289,2.440677966101695
965ca2bfb72e17d35705b61487a5a058,2.037037037037037
966cbaab9cbbe05c5ca09521dfd30377,2.1451612903225805
966f1d5ccee2d086654aa1b7b28bf5db,2.135593220338983
9734cc52d3af1af38ba744ab83a881f0,1.9666666666666666
97729699dfb695a6e92d292ff0ea9a64,2.13265306122449
97a728e659e6d519bed524fba1778f86,1.9489795918367347
97e7fe8bd05a0ff1df95b2327d0b89d7,2.3220338983050848
97f0d1c93ce47bfc7f2458e29522c1bc,2.1037735849056602
988fb251ee8eaaa323fd8751d5a7c5a0,2.23728813559322
98c7d940fcde323ce8e7a70202ee1179,2.32
990f515cb46dfed8069eed12a1284e52,2.1
9a6b3bbde49f6205a108afadb3a8ded2,2.1029411764705883
9a89fce4ddb2801dc82880a6635e2411,2.330357142857143
9ae5e6e8fbb6dd1ded9e275ff06ba5e9,2.2745098039215685
9b09f8418015ed87abb386aed784d870,2.3448275862068964
9b81d2b83ab46ad9520f748e973a645c,2.14
9b8d6ab84e6e2da298632c2a6aa8a7f7,2.328358208955224
9bf1b7ad48564ffcf9e3b0e5183511cb,2.1136363636363638
9c2098ef311a0f09cd76f92088089ad7,2.1780821917808217
9c244c22435bfef8f82d1997f4c09729,2.5285714285714285
9c862cff0cda1222228bf436513645e4,2.2934782608695654
9ce5f495bad25fb574ac2bba67a4a920,2.1666666666666665
9cf9287b1aa0212307658578401de31d,2.3035714285714284
9cfa05c6f608f0df58f5b51ce395bc13,2.0425531914893615
9d42b5beaecdaf9f9a636854a04f4289,2.1083333333333334
9da8a7dd44aa81c38073eafe839d3ecb,2.326923076923077
9decfaa4bbbaa3ae49d1d97382e1da5f,1.9754098360655739
9e17a23ef7df4537ab9b01f1c4631ab9,2.282608695652174
9e77b04b6947e026c19ddc3623582909,2.0294117647058822
9f17d3d2f19124fecdf3d27b9817dea9,2.330357142857143
9f1f6a8a355724e245c4debb0c709c7a,2.274193548387097
9f2fc07de6f2dbf1c819353b99eb02d8,1.7142857142857142
9f78f9172d3aacee432b51555d890b73,2.1492537313432836
9fc000302b5d92defdeada9926e040c3,2.169811320754717
a0071454b79b315667ae2bf7ded1a2dc,2.0444444444444443
a08cdaaa01797c4e29d39dd6df1716ab,2.1574074074074074
a0a56d21c5cc873cc0029fb71dced633,1.9416666666666667
a11824e7ca75b3d3155d3886255dc4b5,2.358695652173913
a16ff93b8db500e44c1173d3601b696f,2.2142857142857144
a1fdecdb6aa9841a7d33e1deb4cb02a7,2.1333333333333333
a20cf382f4393947ecbcd38aa3c2b677,1.9333333333333333
a213e9b782389022930967558c6b03b1,2.22972972972973
a21e190f847063a890b3bcceb5bb189f,2.0901639344262297
a24eae790dc8e8c2ef4cf852b835da67,2.2625
a272ad572d7795f8cdc081f4b410b619,2.1791044776119404
a315d14be623fcafef5c907487742305,2.0847457627118646
a340127587ece929c8339dcc48f9f28b,2.0813953488372094
a352d505d3ef526ebe033afffb3c0532,2.0681818181818183
a3d19e8074e952df397004dc187ab795,2.175925925925926
a429e1edc25728011f0d4b6e9046d972,2.2661290322580645
a4c98441567843fe624bd2e98788d246,2.4191176470588234
a4fb28ca9179320f21b9bb80b65d7051,2.2549019607843137
a51030a5e2a98ea880abc466f4ecf7cb,2.130434782608696
a555003612bae80962caaf0d1be6e67a,2.095744680851064
a5bb2c2b54c028455dd98a03985fd801,2.3208955223880596
a5e6d058ecfe62fa8f8e20c8394ec173,2.1634615384615383
a5fb2e8fe03b45589b60124b39c0b0af,2.1222222222222222
a6288b2603ac34215b0c95abee8dc0f4,2.1166666666666667
a7670fde2d2db95688fe14cd83c43179,2.560344827586207
a7a69bc076e1d1be66566fc19e9b13ce,2.0754716981132075
a7d9d9c5e4725142e31d881f01cb3dbe,2.2661290322580645
a7ed432c268afb2385662c20fa4949a3,2.3642857142857143
a835fc566fe23724cfad0a816c8d9362,2.0714285714285716
a837b771564c2eee18f1c4b7e1ec7c71,2.2846153846153845
a84ac82b86cd32dd46bcb6a1839bb09c,1.9727272727272727
a882a5a29306a94a3101530c56f704fe,2.196078431372549
a8aedd32054a5895973cc0cc11e1637b,1.962962962962963
a8ebdaa246d778b27a66acee664d5514,2.290909090909091
a973f7c2d5b69510ecdb05431a12834d,2.23
a9899df240c370efaf7aa008920c1b05,2.107142857142857
a9f5c0a6a74018d482c6d63934502a98,2.1666666666666665
aa110ce41730357e81e37a4b0117bcac,2.3
aa23519a7c9d672767a280bde0831d2f,2.0964912280701755
aa2503044976eaf937ab51da2eeeec5d,2.129032258064516
aa315dc43affa2ac0ffc8cb3798a5cb1,2.0964912280701755
aa31d2ffc39e137a8065d6d7d2ae031d,2.0520833333333335
aa48d493f99f6f5c079f84cf46c0677a,2.1176470588235294
aa69b9086e7333fd6a4d5b8056f643a0,2.3125
ab53b26931f9ab1290ac30ad7e46d73b,2.073170731707317
ab63e81cbd880e78dc1360720b34ae8e,2.120967741935484
abe5b336a354079610e87d6ffbacca5f,2.2403846153846154
ac5b7b9af37ccd197ef8f2cee3dd3df8,2.291044776119403
ac8504edbaa2d1c5933513f17390e771,2.2346938775510203
ac87b74e9eb4a79b5522e8b4f8c875cd,2.1018518518518516
ac916b833de63f01d498d2c82f969c54,1.94
acf7424c12b97d84fc2b8701cdd86db9,2.282051282051282
acfc73b6a374b791272ef97e7122efd6,2.192982456140351
ad69cfe5b335880e385b08e4f4f90484,2.056451612903226
ad7bc01909efdc9583fe808832dff72e,2.13
adb4b1f2941ff01fd183b857cccb7533,2.1016949152542375
ae3b81810f5b83ae84acc8e1b16fa91c,2.2410714285714284
ae7a333ce1e3ba7d8476045cfd27045e,1.87
aeb2ff705dd494447eadf58e270fa734,2.0673076923076925
aeec8f21ae6b614c4b0782abb36f050d,2.1125
af094aa22d1a01c48e2c6cd9ec915082,1.9166666666666667
af1588b2185b61f4d001718f42ab4040,2.3035714285714284
af4dfcf401af381543a80b817e9718df,2.1547619047619047
af9019e18edec38c6ad981f7cd85ac0f,2.0625
b01b04e12e172184c635161adb723021,2.0714285714285716
b07f22456c52c5f74876f5a9600835e0,2.2241379310344827
b097f9da329556dd659da810a233344c,2.25
b16334a8ebf51feb4841c0a5e3a2b8cb,2.4272727272727272
b178fea04ddd6eacdc17c674a1cdc2a5,2.084507042253521
b288934b8acfee65491428e651aba0ff,2.1333333333333333
b32008c0a645919677db9dbe28dfb309,1.8928571428571428
b3871fe9af033e7019df87246d721ef6,2.105769230769231
b39af3399cdd0a08965708bdc1e84b02,2.1145833333333335
b39d0b963d2134a6677757ab870e0f7a,2.2413793103448274
b3bd5e262545139f3846cecf4b598037,1.9705882352941178
b3e48742a3aa67471997c032c3847cf2,2.109090909090909
b4443d03e4c80b52abc71ed7f606a291,1.9230769230769231
b5c19a5aea7456a1c4ea39468907c63a,2.1
b5e1dcfef64a7d24ffb396d3bea99380,2.044776119402985
b62a0ea8eae8cfe5f693d6cf92ee9ae9,2.0813953488372094
b6b31c5465982af67a3c9d19fcf5202e,2.196078431372549
b6e56c3ddcda781c6ebc873609aefbaa,2.3214285714285716
b795068dfc60ef70e10631c313530507,1.9146341463414633
b7f450fe4371e9f832720c70bd6c1c57,2.0568181818181817
b851e1eb66445a694185d8b5bcdd0207,2.158333333333333
b863403f46c7ccd5e153ac387ea37c40,2.2459016393442623
b873ede80ae66668632fe5cd9f91025d,2.5925925925925926
b878c3fa7e18b34b9aaf6a765d7b7877,2.2542372881355934
b88565a21d1c29eae52e08f7382c8592,2.25
b89b4df0deec5f4e347f625974cdd1ae,2.185483870967742
b90ffe4019182e2b4347b2a62a175b53,1.9433962264150944
b99e5be42d3a270c92a9d156fa95388e,2.119565217391304
b9a7292ba0d48fe3fd84ed2eedb008b2,2.310344827586207
ba19d5f26006fd96710249dedebad7ab,2.048076923076923
babb6a121e9944bed4db269795521cca,2.369565217391304
baecefbe08adacd185ea4c39ea49253e,2.2452830188679247
bb250006f8c3a9f67dc55a6545668f28,2.1547619047619047
bb7f25f2c37aa0b0cc5eadab566ee934,2.192982456140351
bb87cb75e540f0eafa791ba2183c955c,2.3135593220338984
bbb19bef13b22b4baec7ea2fd5d63496,2.0390625
bbc982cdfca01f039c0291ea932dcbae,2.39
bbd0ed7c42852f84af77f8dea306a0c7,2.5795454545454546
bbd60a78d79ec6ce0df33da3fb29401d,2.1666666666666665
bbe957f310afd204612c92ddde768386,2.4017857142857144
bc04303c65731133a3209d613df676a9,2.3859649122807016
bc1a8a56b1ca46b1f2b4451ed4e3807b,2.1293103448275863
bc7baac34c0e3189cdc9e74266b758f1,2.3181818181818183
bd26a094a3be73b91f54c40cf6c4fcaa,2.3
bd30e33be0e890632d120d6419ad7e19,2.0258620689655173
bd6dc0dcf7fb3bbcd38dd6108d27be38,2.15625
bd98d1205be3eaf30102c9e5dd6aad5d,2.0943396226415096
bdeff326892a410a3707b2096b706c2c,1.9152542372881356
be1598cf13a8b28b48ba9aabf4d3d5e9,1.9367088607594938
be2bbb02149461c5d35f2991e63cf21f,2.4591836734693877
be5dd6ecfdf7b8cd136a047f67ce442f,2.219298245614035
be7fd191e3b4c2a94b6b65becd5ceeea,2.1914893617021276
bf966eec61dc7fbd2a1cb3e1ddc6f528,2.3333333333333335
bf9b21ed746468237bb83a2b5a23031b,2.2241379310344827
bfcd4d0e6199b02e1c50ee251e88ba5c,2.31
bff51d9be3091e52ef27c22521f25787,2.5277777777777777
c03cb7556a85565d224a4b2066044982,2.0076923076923077
c094650041b43133ad0246d7121065a5,2.0090909090909093
c0ecfbd84e785c68f6817a9d082c7e2a,1.9736842105263157
c0f57f4983d066ec2128e2c0b6d1654b,1.836734693877551
c124700ec1112efa9621161a14c7fbca,2.1454545454545455
c137c7a68c9f5fc3e656b2198527639c,2.245614035087719
c17b67567d22f47753b6274e635850b0,2.236842105263158
c1b075713f16dd420a21d79eddf700c3,2.375
c226f7c7fdf2b264196e609c11f4d82e,2.146551724137931
c22ce3139112d54d1cedf9e5c2325ced,2.3488372093023258
c276481d2b269f9ea7c0694c88ab4c2f,2.23
c28c8fd069445bc9137fe181df4c2e9f,2.2890625
c2b2a84b9b86964bac99f078c317ca76,2.2567567567567566
c2bb62c0d0fc33823b9299a9d1389d5d,2.311320754716981
c2c6ae19e1642c8750c1682e8017256c,2.451219512195122
c306d91e8701789cfc7fb75544577f6e,2.5454545454545454
c315e9f13fdf652bd887af64c4ff7dcd,2.35
c32806d8b69e0586e6d89c4dec6ef0c7,2.4722222222222223
c345720fb549728b8988256585e02077,2.2222222222222223
c35f9adb3ea268c72a31135fff7cd293,2.0365853658536586
c3fbafbe04c5a63008eac65e82a360cd,2.3492063492063493
c47bb1555a61eba93afb9b7711e98ade,1.8636363636363635
c4fd73495a3e32464c1990f81abcc75e,2.3492063492063493
c5249b25e9822b616f8c26f925fd4cb8,2.111111111111111
c5a437693f52d423ff02482954745c02,1.9895833333333333
c600d4e2ca1e91b21528625bdcac14da,2.1630434782608696
c6e9479aa77d062109af2f9c273dada3,2.35
c754a5dddb720bff097e138821422e5b,2.1216216216216215
c76e30a18a5bdaa11dfeea092221af1c,2.163793103448276
c7c40c6ebc858f14e0bdf798c5d0623c,1.9583333333333333
c7e75a650881737b92530c34c7c0039a,2.0434782608695654
c8243e1a3066375de7c3f59718b1dda7,2.2037037037037037
c83c207b93dde429b7628c5f97e4496d,2.048780487804878
c8479d0ca029f08f3b20b720aa8ee840,2.5
c909cbf6f82a78e672e50f98c859aaa8,2.011111111111111
c9715151c38281e3b6b7eb9a0c11bdd4,2.25
c9a18eed3caef9f70b23cc0e505f5faa,2.2346938775510203
ca03bf42af6ab9a0a5515b79c8f970ca,2.1964285714285716
ca0796a7722beeeaa2d84c63e8f4403f,2.485074626865672
ca52ac8b774bc5c3049376ee76001426,2.1864406779661016
ca59073bea994c1235c3732a73ce080a,2.2016129032258065
ca79903d40e66194ab2570b2c24a0fa3,2.0
ca81fcf65519182a38438938fde0447e,2.169642857142857
ca9bebc1922c486c64cefa6ab84f75b7,2.0636363636363635
cae1ec9ca0c7c60a2936855f3d53a663,2.185483870967742
cb19c5c95ccea14977ee4af7f6c0abb6,2.11
cb321287a7a0afe5ed2aea381022b404,2.2327586206896552
cc16252f23258dd5ef09d4a46c1125e4,2.0319148936170213
cc597ae60411f8333583269f1d1991b8,2.0
cc9856dcb183e13710d994991f29e523,2.5344827586206895
cc9b8f0be30e4c00c5de497c661916db,2.0083333333333333
cca13af2144891391afc56ca18354efd,2.112676056338028
cce1ebb46efe8c61e31a9830dd9c4bef,2.2403846153846154
cd5fc7456ad4fc023a48fc9996009bd7,2.3
cdd7a1a33d4ba7c6398de0ff1ed13d8c,2.2459016393442623
ce805a8836336a92462da114cbc060cc,2.32
cf41c403401825de742099a9fbd40edf,2.3
cfaf45538268f0816f7a1be236ae2b9e,2.2596153846153846
d0018a5a88fcdac3caf76d76ab811761,2.169491525423729
d00fd6cdb3be35a6ba5e1082f26b7e55,2.198529411764706
d01cca8407eb2afdfcf469992f49643b,2.4051724137931036
d06dbbb377fed2e917d00cfaa31510ff,2.158333333333333
d0795369a50e12f6ef32219f7b6f7799,2.1346153846153846
d0e5f0b18f7333f85199db12bc75fe9c,2.294642857142857
d0f62654b328f8a7a402f5b0e7cc6f36,2.032258064516129
d198878dedbf341c873220d00888e093,2.3207547169811322
d19a71570cd0db8729d25dd75b83f27d,2.237704918032787
d1c39aab612cca799c95a9652a3d2c12,2.1984126984126986
d1ca1e5dccc53d8bacfb0fe253dc3ee0,2.1826923076923075
d1fcd87bfbeb132548bbffa22ddd9e48,2.091666666666667
d210b50d1be2788a742ef3b08fbf1678,2.0
d28ce5ed05d4c9a870d289775e02203d,2.264705882352941
d2ad7f03e7006de7a34e613e0e423428,2.125
d39a8939d3b9eb85eb58b89746def883,2.1810344827586206
d40b376b602045092ea3f34aa74201c1,2.15
d43156b12f2f7396db1d57dcd3ee4d49,2.230769230769231
d466097f75a9f2b05c3b9f9097fc22eb,2.2641509433962264
d48851bf8bc9c3d861556118b32fce5e,2.1272727272727274
d49bb7c48d5d0a0a698868f0fcf419a8,2.111111111111111
d5197aa9d9a4df1014ba0bb08f5bc126,2.4655172413793105
d55f7f3398605cdfa2d1de10895c6761,2.183098591549296
d5a2db171089ca9e253ff6a69d0997d2,2.0714285714285716
d5d41994971aa25a6b5f7cecbd133719,2.375
d602ac046ebdd4d5f9cb82f2c4c9f636,1.9903846153846154
d614281fe430b7aa35bb2101be838242,2.2264150943396226
d6b92b94663760f3e6c57596a6af10e0,1.96875
d7654ea104c2cdc49bcc853112cd5638,2.3974358974358974
d7926a73b4e95adb4ae59ac0e070950d,1.8796296296296295
d7c0a5c19928fa1554ef71a5c70a3b53,2.15
d7f36c04b5707636b983b75c012883ad,1.9545454545454546
d7fab9cad33ecdf71424e8e9f20b8512,2.161290322580645
d8283a50631c749025aabc498222f323,2.2589285714285716
d83f138e04259c98212de22f7c121f74,2.4322033898305087
d8afa88235c83625367c717ca320e53d,2.0625
d8f574004395d91245fadaae4b335ed8,2.108695652173913
d923e617aa3ce504646c2f237951f8f7,2.0833333333333335
d94e87a251200ea87725cd8a1d056e37,2.5833333333333335
d96439e8bf795e3a4058bf780eb90187,2.1944444444444446
d985d65581a32b268111e261f80a58df,1.88
d98a5d30ac831ec0dcb5b03128bc9f62,1.9722222222222223
d9eb1144b01595fa88968fa6772f0129,1.9913793103448276
da6237459eddc8abd5397a208402299a,2.210526315789474
da75041c27047d71cbebf8e32aabf769,2.3114754098360657
da7d3b36b35a4bfd4240817e652fb52c,2.298076923076923
daf15a8534bdbdbd0dc74ad998e8d2d5,2.5483870967741935
db6860ea117da6d0149c5758f337521e,2.2314814814814814
dba5dd7fb87348704626791fabef7e4f,2.2903225806451615
dbb19be7788f7031740b6b9c4640bbb5,2.1923076923076925
dbc0635233a703ea6c9cf0f4c9827fea,2.3482142857142856
dbcf9a5605fc2d308a5bdec2e06d19dc,2.1984126984126986
dbe0f5e4589f47a9ba876f5389ec3c6f,1.921875
dc20336b94c00cbd40edb9b12c1abf9e,2.0869565217391304
dc2a0b8c3f011bf4eec67c1a0ec54789,2.357142857142857
dc337e22855a9bec4775b021f49fabee,2.261904761904762
dc8dc25949a5c800964eba80ffc306ca,2.6693548387096775
dc8de021f2a125ca3942bf98b4e7f2c0,2.0283018867924527
dcce29563c07005f11d2a73040a3c1cf,2.1
dd56d66d38003515eee8b56538e96734,2.5
de7e545ff686a6bf920d64051beb5cae,2.280701754385965
df1c286ec657b8f0e1b8b94e26da714b,2.1214285714285714
df2e2861c1c72509792647ad68e151f5,2.3
df9a6d3f68720b6345d8f65df4005bb9,2.43859649122807
dfa1039cdaf68c4a41ff0e76a2a83d1c,1.9456521739130435
e00a9c6f7fd2475abe903a2bdb37a319,2.3620689655172415
e087e2f219cb536b2df267727070f855,2.2698412698412698
e08dd16d165d800859039e1737c52d05,2.127659574468085
e0cda5dcf870914e48aa094a27e9fa61,2.2549019607843137
e0ec818b6df66c994f22d29edbe4cb7e,2.2830188679245285
e0eff7639f8a50e10cd865c936b36eba,2.1956521739130435
e19116bf86e1eaab5c309e3c342c879a,1.9666666666666666
e1cd6f82f36756b63a305720f72a88e6,2.3333333333333335
e1f33ee36bb4c6ecc80bf1f9fef4bce9,2.161290322580645
e2098b6d5e9960abefa66d8b96a58fd4,2.037313432835821
e2278e6b40bac4920b5cf13d781cd128,1.8582089552238805
e250dd52f744c40b47d93f1428b176e0,2.33
e257baa8b8113305b2405e863140208a,2.1724137931034484
e26e538eeedc4d33772bb33520b9f0c2,1.8444444444444446
e2b0bb56daa5cd0d29e623793ac7e357,2.263157894736842
e2d19c2380297fa58a72b3b40907ba09,1.9285714285714286
e2ec9d0deeccc42be4f580b2c9b7f467,2.353448275862069
e2f7f52959120e23cc517e52f7c5a3a1,2.0833333333333335
e30f0d4f74efb818d68a095017951d27,2.6864406779661016
e34f295f1ca6e7b5366097d342409ca4,2.0543478260869565
e3d21f7155fce980c0533e120ca8a66a,2.1484375
e3fb06682bc29293d6b406a179c3c36f,2.150943396226415
e404fc1c7a36d291314c1aa30d8209fc,1.9453125
e41b99d7cacc20bb0bb1e8e604def479,2.276923076923077
e46247b8ccf00e67cc5578e67ca72c15,2.43859649122807
e48b6035501713784a859e02128c2d10,1.9711538461538463
e4a43c85e1db9bcf3cf27bf172d976e7,2.1403508771929824
e4e07bad7d9b9c0def096617a6fab5eb,2.2580645161290325
e524ef757f353b72647399d5c452cec6,2.1666666666666665
e54e61c0fc2af2b9cfb61328c6009e81,1.98
e56d61b38838cecb6a84f29f03e144c6,1.9342105263157894
e58f55f1de545a2ea229a8a8aaba1721,2.3425925925925926
e5b8da960b5050646ea01b06e8f08e01,2.172727272727273
e5eac47fec043821b5b4ff520f0944b1,1.6346153846153846
e5eba33e1c7e41193c62557e728fb67c,2.44
e626b9429a775e853e5b5ba33ab580fb,2.314814814814815
e658c4535a67c955aabc06fc463218dd,2.5520833333333335
e717bafc91653e180ce83a8b255ffc95,2.2333333333333334
e73e5c4918b22c2805046dd5466ae38c,2.2282608695652173
e7c687241316bfcec24f297ef64819fc,2.0
e7e8500870bd679d455615f81bbb329c,2.216666666666667
e7fca2383a8a5343d1eba5f50cd7da94,2.1666666666666665
e827cf9363dfc171d0177d8b41c066b2,2.183673469387755
e832cc60cfeea1f4b59636f5942d1552,2.08
e8a38fe3da26a7c13ec99bc9abd9ccef,2.355769230769231
e92adfbe984575cd683bbca54e1a597d,2.1176470588235294
e9b0390700b19e2995b29c3325a68700,2.25
e9da91534c432e57cdbb427944effcc7,2.02027027027027
e9fb95ffb7a300560b4186f0618933a2,2.189655172413793
ea360d53be7dd3af11018d97d8dda824,2.215686274509804
ea57d8ba5c4b513749c239ac3869fd14,2.03125
ea64776c341c10fa698bf7bf0df61169,2.2444444444444445
ead7aaec15ebe95f872cb925bbf110c2,2.144230769230769
eb0919dd906310c89b8718e5b9bc7838,2.09375
eb09f0dd1580d7351623c5c7272376d3,2.086206896551724
eb14767dda51915c6d3f9cb9b17b06bc,2.2244897959183674
eb2edf92648a1061e9cb3c2ae6596eff,2.207317073170732
eb77f630f0c2dce66ebcddb96c1f3bdc,2.01
ebd9140ae94ba6daf33e189c3ccb4328,2.0955882352941178
ec383fdbf57e4067e881baf71928bd3a,2.5
ecc1461ed13c106c775dc0ad0688458f,2.246031746031746
ed21998da9c794a68d9199960e2214cd,2.3636363636363638
ed4cae7aa2ef331c7db50aaa210834cb,2.2037037037037037
ed9c1d2ea44d1bc8c1db8d2b64801716,2.2
edf585003769aea6409b61ead45ba198,2.1885245901639343
ee2392a35de9259437cf7022b0043144,2.211864406779661
ee781ee8d7ed0dab4f3aa3978675049e,2.338709677419355
ee7b20d0e5c178f4aab5b73a814e91c7,2.0714285714285716
ee99a2e0c31f708bc3a50bd475cee3be,2.1982758620689653
efccd7be306899fa0deda5bda9508aec,2.088235294117647
efd98d79c0ba887593a7f04472d58575,2.425531914893617
efdb8bf020d80fc7977c2217513fdca1,2.4210526315789473
effbadf5a324f88f6492ec319465ecc5,2.2346938775510203
f00489cc3fff345f9c9d1343d07c16fb,2.23728813559322
f0390401c98d44c966e94a407fdf9b47,2.2868852459016393
f04b9f03868724ffffda2d544fda174b,2.244186046511628
f06ce8ae4c90cb4c140074da3e716404,2.043859649122807
f21039b00c36a490e7808d0afd4ea346,2.3879310344827585
f21dd9b097e5a230f9f7a98e6e5a1bbb,2.328358208955224
f2bc0d52c6027043e9bb4a426ffcc3aa,2.304054054054054
f2d2abfb08b50ca2fc71d61f656ca324,2.240740740740741
f2ed36c2a39d77a6b9fe0484a1ec64e1,2.2641509433962264
f33f7bb557b4a10b623222e8c66072a3,1.9215686274509804
f38b6c236f8baceef405c37ce92ea2c0,1.9791666666666667
f3ea92b6843bacb925a26867546e2929,2.091666666666667
f40d5bcaab4c25bf2357b32c22ceff30,2.1842105263157894
f4c43fdecfbc1e4ade7f9cdb8f6ba4a5,2.130434782608696
f4e4e023cdcffc1a6553e71927278cac,2.4285714285714284
f4f46fb9f397387f6b681f23b0541cc1,2.2549019607843137
f5001f5a18df31c2357a9750cbebf171,2.0638297872340425
f575b5015875d07e9cb1d2d82da3ae9a,2.0531914893617023
f5888db5b489e33368046e09a4308302,2.3046875
f5ebfb614d77c030fa31fe049eed7423,1.8555555555555556
f5f9fc9f41786e1acd3f95a3ea857cf0,2.2131147540983607
f64c08a5a10ed57d0b253742ab61e540,2.24468085106383
f68d9ea448ef064e1252e3259620a709,1.9782608695652173
f6c41160fd22064ff00a0674166b77ee,2.2653061224489797
f6ce05ca751cc65594dd885b2713793f,2.2777777777777777
f7169c9bbdd9679a010341b9a0253056,2.130434782608696
f796acfc3f0261a188f1c465bc3584d7,2.076923076923077
f81d7e8c228be198a792de7afd04d8d8,2.2551020408163267
f85ae197b011d7a3261e6e8a88c9fa8e,2.5535714285714284
f8756cf74d0bdebd542074eace2b98d8,1.9921875
f8b2a78d037d6e3cf284f7cd0fee94a4,2.032258064516129
f8c185c00ddf8a876721b00d03d03f60,2.37
f8d7f28c69c960ea3c5013510dda5231,2.193548387096774
f90c9d6b38bdf0d4a0ca74acf8f1ae76,1.9907407407407407
f945b179e4fcd08fc1537c7f7e957d44,2.1293103448275863
f996292305c16ce7eff0c9f9bfaa8c55,2.2
f9c3bdf7e334023e10fef0abca6c4d5d,2.0283018867924527
fa07fad5865680a5adb4049ec1697db8,2.1328125
fa62d17f292856f31ba6eae674ea0206,1.9814814814814814
fa9f4f32491697420730b43f91fa9918,2.1132075471698113
fae8873282ba4b2c6b75a8486a9e6717,2.303030303030303
fb56d588751d3f05cb8c80a003614f68,2.25
fb6e51f9d183c9f84375b34f29ae754a,2.1339285714285716
fb72c11dc8072bcb7c49666a7aa0c529,2.1842105263157894
fbe0235e9c6731cdf13fa543a9a4c8fb,2.5254237288135593
fc2588f90b116f6d9820927c707d58e6,1.8541666666666667
fc34621320795f8291879ccf92180ffb,2.3771929824561404
fc635f7d65f31eefe5b876937273e00d,2.125
fc63d24a94f23ee5381ef90700fab128,2.0673076923076925
fc69d127f8a865561503700205948647,2.1153846153846154
fd4ae67bf6365a5c22c754eaa1b9d2c3,2.152542372881356
fd907d4a9630e1f8897f583f4be5a1c6,2.09375
fd9a352871e67a4d97f1ad26ffddfe8f,2.0918367346938775
fdadf138596d3f48a1f70459416964a6,2.260869565217391
fe52ef7b48db0e2878997024bf838e17,2.3
fe56784042ef043bb2b951777bd1176b,2.1333333333333333
febb7664da2e5b9b2193b683502f86b3,2.1964285714285716
fee22039bfb09abc2cd63b6f66737c1d,2.328358208955224
ff0500c06aa5543544d538a7d7307db6,2.267123287671233
ff2d02c68852acd8373bc1c95b071c28,2.1864406779661016
ff89df55ca9d324a7d3e62cdecf7b6c6,2.0283018867924527
